game_id,player_card1_rank,player_card1_suit,player_card2_rank,player_card2_suit,player_card3_rank,player_card3_suit,player_card_count,banker_card1_rank,banker_card1_suit,banker_card2_rank,banker_card2_suit,banker_card3_rank,banker_card3_suit,banker_card_count,player_final_total,banker_final_total,player_natural,banker_natural,winner
1,13,2,8,0,0,0,2,7,0,1,0,0,0,2,8,8,1,1,2
2,13,1,4,3,1,3,3,7,1,12,1,0,0,2,5,7,0,0,0
3,9,0,3,1,6,0,3,2,1,8,2,13,3,3,8,0,0,0,1
4,3,3,13,0,11,3,3,7,3,6,1,9,3,3,3,2,0,0,1
5,10,2,12,0,1,1,3,10,0,1,2,5,3,3,1,6,0,0,0
6,7,2,11,1,0,0,2,11,0,4,2,2,2,3,7,6,0,0,1
7,8,3,10,3,0,0,2,12,3,11,2,0,0,2,8,0,1,0,1
8,10,1,6,2,0,0,2,9,2,4,0,3,2,3,6,6,0,0,2
9,3,0,12,2,5,2,3,5,0,9,1,2,3,3,8,6,0,0,1
10,1,3,4,2,0,0,2,11,2,8,0,0,0,2,5,8,0,1,0
11,11,1,10,3,0,0,2,9,2,10,0,0,0,2,0,9,0,1,0
12,6,3,4,3,7,0,3,6,0,10,1,2,2,3,7,8,0,0,0
13,3,3,3,2,0,0,2,2,0,8,2,8,1,3,6,8,0,0,0
14,6,1,4,1,1,2,3,2,1,12,1,13,2,3,1,2,0,0,0
15,1,1,9,0,0,0,2,7,1,1,0,0,0,2,0,8,0,1,0
16,10,2,5,1,12,0,3,12,2,6,2,0,0,2,5,6,0,0,0
17,13,1,12,3,0,0,2,5,3,3,0,0,0,2,0,8,0,1,0
18,11,0,2,3,13,0,3,8,3,9,3,0,0,2,2,7,0,0,0
19,11,3,3,2,13,2,3,5,2,8,0,4,2,3,3,7,0,0,0
20,12,3,1,0,8,3,3,9,0,7,1,0,0,2,9,6,0,0,1
21,12,1,12,0,2,1,3,10,2,2,3,10,0,3,2,2,0,0,2
22,10,3,13,3,1,2,3,9,1,3,1,11,2,3,1,2,0,0,0
23,1,3,10,1,0,0,2,12,2,8,2,0,0,2,1,8,0,1,0
24,2,0,5,0,0,0,2,11,1,13,1,5,1,3,7,5,0,0,1
25,6,2,11,0,0,0,2,2,2,4,3,0,0,2,6,6,0,0,2
26,7,0,7,2,8,1,3,6,1,7,3,0,0,2,2,3,0,0,0
27,9,3,6,3,5,3,3,3,0,3,3,0,0,2,0,6,0,0,0
28,5,1,6,3,0,0,2,8,1,11,2,0,0,2,1,8,0,1,0
29,3,0,7,3,9,0,3,7,2,4,0,7,1,3,9,8,0,0,1
30,12,1,11,3,5,2,3,4,1,12,0,11,1,3,5,4,0,0,1
31,2,3,9,1,6,1,3,8,3,4,3,11,0,3,7,2,0,0,1
32,6,2,5,3,6,0,3,3,3,7,0,10,0,3,7,0,0,0,1
33,1,3,10,1,13,3,3,1,2,12,2,3,1,3,1,4,0,0,0
34,9,2,13,1,0,0,2,1,0,8,2,0,0,2,9,9,1,1,2
35,3,2,9,3,13,0,3,5,0,13,2,0,0,2,2,5,0,0,0
36,3,3,6,0,0,0,2,12,3,6,1,0,0,2,9,6,1,0,1
37,9,3,7,0,0,0,2,9,1,9,0,0,0,2,6,8,0,1,0
38,8,2,5,3,13,1,3,6,3,8,0,0,0,2,3,4,0,0,0
39,10,0,1,0,11,0,3,2,1,12,2,13,3,3,1,2,0,0,0
40,4,3,10,2,3,0,3,4,0,2,0,0,0,2,7,6,0,0,1
41,5,0,11,1,1,3,3,7,2,7,3,0,0,2,6,4,0,0,1
42,13,2,10,1,12,1,3,2,2,3,2,0,0,2,0,5,0,0,0
43,5,1,8,3,13,0,3,4,1,3,1,0,0,2,3,7,0,0,0
44,7,1,12,0,0,0,2,5,2,1,2,0,0,2,7,6,0,0,1
45,12,3,2,3,10,1,3,6,0,6,1,4,1,3,2,6,0,0,0
46,10,3,10,0,11,0,3,6,3,7,1,5,3,3,0,8,0,0,0
47,13,2,5,2,3,0,3,4,2,2,2,0,0,2,8,6,0,0,1
48,9,2,11,1,0,0,2,3,2,12,0,0,0,2,9,3,1,0,1
49,12,2,1,2,0,0,2,7,0,1,1,0,0,2,1,8,0,1,0
50,11,2,13,3,9,1,3,2,1,8,1,5,0,3,9,5,0,0,1
51,9,0,13,1,0,0,2,7,3,12,1,0,0,2,9,7,1,0,1
52,1,0,7,2,0,0,2,8,0,4,3,0,0,2,8,2,1,0,1
53,11,3,5,1,2,0,3,3,1,3,3,0,0,2,7,6,0,0,1
54,9,0,1,1,7,3,3,12,2,13,0,8,1,3,7,8,0,0,0
55,11,1,7,0,0,0,2,13,2,6,3,0,0,2,7,6,0,0,1
56,5,1,8,3,3,1,3,10,3,6,2,0,0,2,6,6,0,0,2
57,7,2,2,1,0,0,2,4,2,5,0,0,0,2,9,9,1,1,2
58,1,2,13,3,0,0,2,6,1,2,3,0,0,2,1,8,0,1,0
59,5,2,2,2,0,0,2,1,0,1,3,3,0,3,7,5,0,0,1
60,8,2,9,1,0,0,2,4,0,3,2,0,0,2,7,7,0,0,2
61,13,1,10,2,8,0,3,6,0,11,3,0,0,2,8,6,0,0,1
62,12,0,9,3,0,0,2,12,3,5,3,0,0,2,9,5,1,0,1
63,12,1,11,2,10,0,3,7,1,3,3,4,3,3,0,4,0,0,0
64,13,3,5,1,11,0,3,7,2,11,3,0,0,2,5,7,0,0,0
65,9,3,5,2,13,1,3,1,0,9,1,10,0,3,4,0,0,0,1
66,6,0,3,0,0,0,2,12,2,8,3,0,0,2,9,8,1,1,1
67,11,1,6,3,0,0,2,5,3,10,2,3,2,3,6,8,0,0,0
68,8,0,9,2,0,0,2,10,3,7,3,0,0,2,7,7,0,0,2
69,4,1,11,2,0,0,2,2,2,7,1,0,0,2,4,9,0,1,0
70,8,2,4,3,2,0,3,4,0,2,3,0,0,2,4,6,0,0,0
71,13,0,1,3,0,0,2,10,1,8,1,0,0,2,1,8,0,1,0
72,12,3,9,0,0,0,2,5,0,6,2,0,0,2,9,1,1,0,1
73,12,0,4,2,1,1,3,7,0,12,1,0,0,2,5,7,0,0,0
74,1,3,7,3,0,0,2,10,3,4,2,0,0,2,8,4,1,0,1
75,12,3,8,2,0,0,2,9,2,2,3,0,0,2,8,1,1,0,1
76,12,2,10,2,5,0,3,1,1,4,3,2,2,3,5,7,0,0,0
77,6,3,1,0,0,0,2,10,1,8,0,0,0,2,7,8,0,1,0
78,13,3,3,1,7,1,3,1,2,5,2,10,0,3,0,6,0,0,0
79,8,1,11,2,0,0,2,4,0,3,3,0,0,2,8,7,1,0,1
80,11,1,9,0,0,0,2,12,0,12,1,0,0,2,9,0,1,0,1
81,6,1,7,2,11,3,3,5,3,11,0,0,0,2,3,5,0,0,0
82,4,1,8,3,0,0,2,7,0,2,0,0,0,2,2,9,0,1,0
83,3,0,9,1,0,0,2,3,2,5,1,0,0,2,2,8,0,1,0
84,11,3,6,0,0,0,2,7,2,6,2,11,0,3,6,3,0,0,1
85,12,0,9,2,0,0,2,13,3,13,1,0,0,2,9,0,1,0,1
86,5,0,8,1,7,3,3,13,2,4,1,8,0,3,0,2,0,0,0
87,11,1,4,3,10,3,3,2,3,5,2,0,0,2,4,7,0,0,0
88,8,3,7,0,10,0,3,3,2,12,3,1,2,3,5,4,0,0,1
89,9,0,5,1,12,2,3,3,3,1,1,0,0,2,4,4,0,0,2
90,2,2,3,0,9,1,3,1,3,9,3,5,3,3,4,5,0,0,0
91,1,0,2,1,10,1,3,4,0,10,2,0,0,2,3,4,0,0,0
92,13,0,2,0,0,0,2,12,1,8,2,0,0,2,2,8,0,1,0
93,10,0,6,0,0,0,2,10,2,11,2,7,0,3,6,7,0,0,0
94,13,2,11,1,0,0,2,9,0,12,1,0,0,2,0,9,0,1,0
95,12,3,8,3,0,0,2,1,3,4,2,0,0,2,8,5,1,0,1
96,9,3,5,1,3,0,3,12,2,1,2,10,1,3,7,1,0,0,1
97,2,2,5,0,0,0,2,13,3,2,1,4,0,3,7,6,0,0,1
98,7,3,3,3,2,0,3,3,2,11,3,3,1,3,2,6,0,0,0
99,7,2,6,3,0,0,2,9,2,13,0,0,0,2,3,9,0,1,0
100,8,1,1,1,0,0,2,6,2,1,0,0,0,2,9,7,1,0,1
101,9,1,6,1,13,1,3,5,2,7,1,4,3,3,5,6,0,0,0
102,12,3,5,0,1,1,3,4,3,1,0,0,0,2,6,5,0,0,1
103,13,0,4,2,11,3,3,2,2,2,1,0,0,2,4,4,0,0,2
104,6,3,10,3,0,0,2,9,2,5,2,7,0,3,6,1,0,0,1
105,8,3,1,2,0,0,2,5,3,10,2,0,0,2,9,5,1,0,1
106,3,3,6,1,0,0,2,12,2,8,1,0,0,2,9,8,1,1,1
107,10,0,13,3,6,0,3,8,0,9,3,0,0,2,6,7,0,0,0
108,2,3,13,2,11,2,3,8,2,9,0,0,0,2,2,7,0,0,0
109,9,1,7,3,0,0,2,5,1,12,1,12,0,3,6,5,0,0,1
110,4,1,3,1,0,0,2,2,0,10,1,6,2,3,7,8,0,0,0
111,11,2,9,0,0,0,2,10,2,1,0,0,0,2,9,1,1,0,1
112,6,0,8,1,8,2,3,11,3,2,3,8,0,3,2,0,0,0,1
113,4,2,10,1,7,0,3,3,2,1,3,3,3,3,1,7,0,0,0
114,9,2,5,1,7,3,3,4,3,6,3,9,3,3,1,9,0,0,0
115,2,0,6,2,0,0,2,13,2,11,0,0,0,2,8,0,1,0,1
116,6,1,11,1,0,0,2,13,1,12,3,13,3,3,6,0,0,0,1
117,10,0,5,2,4,0,3,1,1,3,1,10,3,3,9,4,0,0,1
118,8,3,5,3,3,0,3,1,2,9,1,12,2,3,6,0,0,0,1
119,9,3,2,2,0,0,2,7,0,1,0,0,0,2,1,8,0,1,0
120,7,1,1,1,0,0,2,12,1,2,1,0,0,2,8,2,1,0,1
121,9,2,1,3,12,0,3,12,2,7,2,0,0,2,0,7,0,0,0
122,6,3,4,0,8,3,3,11,0,13,3,3,3,3,8,3,0,0,1
123,10,3,7,3,0,0,2,4,2,2,3,0,0,2,7,6,0,0,1
124,11,1,5,2,1,2,3,6,0,9,0,0,0,2,6,5,0,0,1
125,3,0,8,1,9,1,3,10,2,6,1,0,0,2,0,6,0,0,0
126,6,2,10,0,0,0,2,3,2,8,2,11,3,3,6,1,0,0,1
127,13,2,5,0,5,3,3,3,1,13,1,11,2,3,0,3,0,0,0
128,1,0,9,3,5,3,3,7,3,3,1,13,2,3,5,0,0,0,1
129,9,2,2,0,1,3,3,8,1,4,0,4,1,3,2,6,0,0,0
130,1,2,10,1,12,1,3,2,1,11,2,2,3,3,1,4,0,0,0
131,5,0,12,0,10,0,3,13,1,11,1,5,2,3,5,5,0,0,2
132,1,1,8,0,0,0,2,5,1,11,3,0,0,2,9,5,1,0,1
133,6,0,6,1,4,2,3,8,2,9,1,0,0,2,6,7,0,0,0
134,3,3,6,2,0,0,2,6,3,10,2,0,0,2,9,6,1,0,1
135,7,0,3,2,13,0,3,10,3,4,3,0,0,2,0,4,0,0,0
136,12,2,2,2,0,0,2,9,0,13,3,0,0,2,2,9,0,1,0
137,9,0,5,2,0,0,2,13,2,9,3,0,0,2,4,9,0,1,0
138,2,3,9,2,10,1,3,8,1,2,0,5,0,3,1,5,0,0,0
139,4,1,1,1,7,3,3,2,2,11,1,3,2,3,2,5,0,0,0
140,11,0,7,0,0,0,2,2,1,12,2,9,1,3,7,1,0,0,1
141,11,2,1,3,13,3,3,5,3,1,0,0,0,2,1,6,0,0,0
142,8,0,6,1,6,0,3,4,0,12,1,8,2,3,0,2,0,0,0
143,13,0,10,3,8,3,3,4,2,3,0,0,0,2,8,7,0,0,1
144,5,1,12,3,6,2,3,3,1,7,1,6,3,3,1,6,0,0,0
145,13,1,12,0,0,0,2,9,2,13,2,0,0,2,0,9,0,1,0
146,5,1,9,1,12,1,3,3,2,11,2,11,1,3,4,3,0,0,1
147,12,3,3,1,5,3,3,1,2,9,3,10,0,3,8,0,0,0,1
148,11,3,1,1,0,0,2,7,1,2,2,0,0,2,1,9,0,1,0
149,5,2,6,1,0,0,2,8,0,10,3,0,0,2,1,8,0,1,0
150,1,3,4,0,2,0,3,8,3,6,0,5,0,3,7,9,0,0,0
151,8,2,10,1,0,0,2,3,3,7,3,0,0,2,8,0,1,0,1
152,4,1,13,3,2,3,3,7,0,6,2,8,1,3,6,1,0,0,1
153,11,0,4,2,1,0,3,7,2,10,2,0,0,2,5,7,0,0,0
154,11,3,9,1,0,0,2,7,1,1,3,0,0,2,9,8,1,1,1
155,10,3,12,2,8,0,3,7,3,8,1,0,0,2,8,5,0,0,1
156,7,0,5,2,10,0,3,6,3,4,2,5,0,3,2,5,0,0,0
157,2,3,4,3,0,0,2,6,0,9,2,10,2,3,6,5,0,0,1
158,9,0,3,0,0,0,2,5,1,4,0,0,0,2,2,9,0,1,0
159,7,2,1,1,0,0,2,13,2,8,3,0,0,2,8,8,1,1,2
160,11,0,13,0,6,1,3,4,1,11,1,3,1,3,6,7,0,0,0
161,6,2,11,2,0,0,2,2,2,2,1,5,3,3,6,9,0,0,0
162,9,3,12,0,0,0,2,3,2,13,1,0,0,2,9,3,1,0,1
163,3,0,2,3,2,2,3,2,1,9,3,8,2,3,7,9,0,0,0
164,5,2,7,3,0,0,2,5,1,3,3,0,0,2,2,8,0,1,0
165,4,0,10,3,11,2,3,5,0,13,0,0,0,2,4,5,0,0,0
166,8,0,10,0,0,0,2,3,1,6,3,0,0,2,8,9,1,1,0
167,8,1,12,1,0,0,2,7,2,11,3,0,0,2,8,7,1,0,1
168,12,3,13,3,0,0,2,8,3,12,0,0,0,2,0,8,0,1,0
169,4,3,9,2,0,0,2,13,1,9,1,0,0,2,3,9,0,1,0
170,7,0,10,1,0,0,2,1,1,6,0,0,0,2,7,7,0,0,2
171,13,2,6,1,0,0,2,4,1,1,0,7,1,3,6,2,0,0,1
172,1,3,11,0,12,2,3,3,2,11,1,10,2,3,1,3,0,0,0
173,8,1,9,1,0,0,2,11,2,4,2,12,2,3,7,4,0,0,1
174,2,2,11,3,0,0,2,3,0,6,3,0,0,2,2,9,0,1,0
175,8,3,13,2,0,0,2,9,2,11,1,0,0,2,8,9,1,1,0
176,1,1,5,1,0,0,2,8,2,6,2,10,3,3,6,4,0,0,1
177,11,0,9,0,0,0,2,7,2,6,0,0,0,2,9,3,1,0,1
178,10,2,5,0,7,0,3,12,1,1,0,2,1,3,2,3,0,0,0
179,7,3,12,3,0,0,2,8,0,4,3,1,3,3,7,3,0,0,1
180,9,3,4,1,2,3,3,10,0,3,3,13,1,3,5,3,0,0,1
181,12,0,7,1,0,0,2,3,2,5,3,0,0,2,7,8,0,1,0
182,13,3,8,0,0,0,2,10,2,1,2,0,0,2,8,1,1,0,1
183,6,3,6,2,5,0,3,13,2,2,2,6,1,3,7,8,0,0,0
184,9,3,5,3,10,1,3,5,1,6,0,2,3,3,4,3,0,0,1
185,9,1,2,0,4,1,3,8,2,3,0,7,3,3,5,8,0,0,0
186,11,1,8,3,0,0,2,9,2,7,1,0,0,2,8,6,1,0,1
187,4,0,4,2,0,0,2,12,3,3,3,0,0,2,8,3,1,0,1
188,11,3,1,3,10,3,3,7,2,11,2,0,0,2,1,7,0,0,0
189,3,1,8,1,11,0,3,13,0,3,2,4,3,3,1,7,0,0,0
190,7,0,12,2,0,0,2,1,0,1,1,2,1,3,7,4,0,0,1
191,8,3,10,3,0,0,2,12,3,5,1,0,0,2,8,5,1,0,1
192,12,2,12,0,7,0,3,10,2,11,3,13,3,3,7,0,0,0,1
193,4,0,11,2,5,2,3,4,2,7,1,13,2,3,9,1,0,0,1
194,10,0,1,1,6,3,3,8,0,6,2,11,1,3,7,4,0,0,1
195,12,1,2,2,4,1,3,9,2,3,2,7,3,3,6,9,0,0,0
196,13,1,4,3,0,0,2,9,3,10,1,0,0,2,4,9,0,1,0
197,9,0,7,2,0,0,2,3,0,5,3,0,0,2,6,8,0,1,0
198,6,0,2,1,0,0,2,9,1,5,0,0,0,2,8,4,1,0,1
199,11,0,6,1,0,0,2,3,3,8,2,1,3,3,6,2,0,0,1
200,5,3,4,2,0,0,2,12,1,11,0,0,0,2,9,0,1,0,1
201,13,1,9,1,0,0,2,4,0,5,1,0,0,2,9,9,1,1,2
202,10,0,2,1,0,0,2,2,3,6,1,0,0,2,2,8,0,1,0
203,12,2,11,2,0,0,2,9,3,11,1,0,0,2,0,9,0,1,0
204,13,3,6,2,0,0,2,6,3,3,2,0,0,2,6,9,0,1,0
205,7,2,11,3,0,0,2,4,1,8,1,2,0,3,7,4,0,0,1
206,1,1,8,2,0,0,2,3,1,9,2,0,0,2,9,2,1,0,1
207,5,0,10,3,0,0,2,8,0,1,0,0,0,2,5,9,0,1,0
208,1,2,10,2,9,0,3,3,0,3,3,0,0,2,0,6,0,0,0
209,10,1,1,3,13,2,3,7,3,12,3,0,0,2,1,7,0,0,0
210,9,0,13,3,0,0,2,9,3,3,1,0,0,2,9,2,1,0,1
211,8,3,9,2,0,0,2,10,1,13,0,2,3,3,7,2,0,0,1
212,1,3,4,0,7,0,3,8,0,4,2,8,2,3,2,0,0,0,1
213,10,2,2,0,1,1,3,13,1,5,3,0,0,2,3,5,0,0,0
214,7,2,6,1,1,2,3,5,2,2,1,0,0,2,4,7,0,0,0
215,3,2,11,1,9,1,3,13,2,5,1,0,0,2,2,5,0,0,0
216,2,2,6,0,0,0,2,4,3,10,0,0,0,2,8,4,1,0,1
217,1,0,12,0,11,0,3,3,0,7,1,6,3,3,1,6,0,0,0
218,4,1,8,1,12,1,3,11,2,12,2,10,3,3,2,0,0,0,1
219,7,3,9,3,0,0,2,11,3,1,2,2,2,3,6,3,0,0,1
220,3,0,4,0,0,0,2,7,1,13,1,0,0,2,7,7,0,0,2
221,4,2,1,0,12,1,3,4,3,10,3,0,0,2,5,4,0,0,1
222,3,2,9,1,1,1,3,12,0,2,0,8,3,3,3,0,0,0,1
223,13,0,8,2,0,0,2,12,3,13,3,0,0,2,8,0,1,0,1
224,5,1,3,3,0,0,2,5,2,11,1,0,0,2,8,5,1,0,1
225,9,2,9,0,0,0,2,10,0,8,1,0,0,2,8,8,1,1,2
226,4,1,5,0,0,0,2,6,3,10,1,0,0,2,9,6,1,0,1
227,11,2,6,0,0,0,2,12,2,3,1,11,0,3,6,3,0,0,1
228,7,2,2,3,0,0,2,8,0,1,3,0,0,2,9,9,1,1,2
229,1,3,5,2,0,0,2,8,0,13,0,0,0,2,6,8,0,1,0
230,4,0,2,2,0,0,2,5,0,6,2,11,1,3,6,1,0,0,1
231,8,3,12,3,0,0,2,9,3,3,2,0,0,2,8,2,1,0,1
232,12,0,3,3,13,1,3,1,0,6,0,0,0,2,3,7,0,0,0
233,11,2,6,3,0,0,2,10,2,9,2,0,0,2,6,9,0,1,0
234,11,0,13,2,2,3,3,13,3,3,0,7,1,3,2,0,0,0,1
235,10,3,4,3,4,1,3,7,3,8,2,9,0,3,8,4,0,0,1
236,2,1,5,1,0,0,2,10,1,4,2,11,3,3,7,4,0,0,1
237,1,1,10,0,5,3,3,7,0,9,1,0,0,2,6,6,0,0,2
238,11,3,9,2,0,0,2,4,2,1,1,0,0,2,9,5,1,0,1
239,3,3,6,1,0,0,2,6,0,1,0,0,0,2,9,7,1,0,1
240,2,0,9,0,5,0,3,12,3,5,1,5,3,3,6,0,0,0,1
241,10,3,5,2,4,3,3,6,3,12,0,0,0,2,9,6,0,0,1
242,10,2,3,2,0,0,2,8,3,11,1,0,0,2,3,8,0,1,0
243,8,0,10,1,0,0,2,12,2,2,3,0,0,2,8,2,1,0,1
244,7,1,13,1,0,0,2,2,1,4,1,0,0,2,7,6,0,0,1
245,3,1,4,0,0,0,2,12,1,13,2,10,0,3,7,0,0,0,1
246,11,0,13,0,0,0,2,1,3,8,2,0,0,2,0,9,0,1,0
247,9,3,11,2,0,0,2,7,2,9,1,0,0,2,9,6,1,0,1
248,11,0,2,2,0,0,2,13,1,8,2,0,0,2,2,8,0,1,0
249,1,2,8,0,0,0,2,6,0,2,3,0,0,2,9,8,1,1,1
250,10,1,10,0,9,0,3,7,1,5,1,1,3,3,9,3,0,0,1
251,4,1,8,3,11,2,3,12,0,4,0,0,0,2,2,4,0,0,0
252,11,1,10,3,3,1,3,12,2,4,3,5,3,3,3,9,0,0,0
253,12,3,1,1,9,3,3,3,0,12,1,2,1,3,0,5,0,0,0
254,11,3,7,3,0,0,2,9,2,1,0,3,3,3,7,3,0,0,1
255,3,2,5,2,0,0,2,13,0,13,2,0,0,2,8,0,1,0,1
256,2,0,13,3,5,0,3,6,1,6,3,9,1,3,7,1,0,0,1
257,6,3,13,0,0,0,2,9,3,13,3,0,0,2,6,9,0,1,0
258,1,2,2,0,7,2,3,9,2,6,2,11,1,3,0,5,0,0,0
259,1,0,3,2,10,3,3,9,1,3,0,7,1,3,4,9,0,0,0
260,9,0,10,2,0,0,2,2,2,11,0,0,0,2,9,2,1,0,1
261,5,3,10,0,1,3,3,5,2,8,1,13,2,3,6,3,0,0,1
262,6,0,11,2,0,0,2,3,1,4,3,0,0,2,6,7,0,0,0
263,2,1,7,0,0,0,2,12,1,4,0,0,0,2,9,4,1,0,1
264,8,0,12,3,0,0,2,11,3,4,1,0,0,2,8,4,1,0,1
265,5,1,13,1,10,1,3,5,0,1,1,0,0,2,5,6,0,0,0
266,13,2,1,0,0,0,2,5,3,4,1,0,0,2,1,9,0,1,0
267,11,0,5,0,0,0,2,8,2,12,1,0,0,2,5,8,0,1,0
268,7,2,13,3,0,0,2,12,3,10,3,11,3,3,7,0,0,0,1
269,10,2,8,3,0,0,2,2,0,2,2,0,0,2,8,4,1,0,1
270,4,0,7,3,9,2,3,12,2,3,0,8,1,3,0,1,0,0,0
271,7,0,1,3,0,0,2,7,1,3,2,0,0,2,8,0,1,0,1
272,2,3,3,3,13,0,3,4,3,6,3,5,1,3,5,5,0,0,2
273,6,2,6,1,9,3,3,10,0,10,1,4,2,3,1,4,0,0,0
274,5,2,6,0,1,2,3,3,1,1,1,0,0,2,2,4,0,0,0
275,3,1,9,2,4,0,3,8,1,5,3,11,0,3,6,3,0,0,1
276,5,1,2,0,0,0,2,4,2,10,2,12,1,3,7,4,0,0,1
277,12,0,10,0,11,3,3,7,3,11,1,0,0,2,0,7,0,0,0
278,10,1,2,2,7,2,3,8,0,6,3,7,0,3,9,1,0,0,1
279,1,2,4,1,13,2,3,13,0,10,3,9,0,3,5,9,0,0,0
280,5,0,6,2,2,3,3,13,1,3,3,7,1,3,3,0,0,0,1
281,9,3,1,1,0,0,2,8,3,12,3,0,0,2,0,8,0,1,0
282,6,1,5,2,3,2,3,4,3,8,2,3,0,3,4,5,0,0,0
283,6,0,8,0,3,3,3,11,2,12,1,13,1,3,7,0,0,0,1
284,5,3,1,3,0,0,2,4,0,5,1,0,0,2,6,9,0,1,0
285,11,0,12,2,7,2,3,8,1,9,2,0,0,2,7,7,0,0,2
286,13,0,6,3,0,0,2,6,2,9,0,5,0,3,6,0,0,0,1
287,8,3,13,3,0,0,2,12,3,6,1,0,0,2,8,6,1,0,1
288,10,0,2,1,10,1,3,2,3,3,1,0,0,2,2,5,0,0,0
289,7,1,1,1,0,0,2,10,3,5,2,0,0,2,8,5,1,0,1
290,3,2,9,3,0,0,2,13,2,8,2,0,0,2,2,8,0,1,0
291,12,0,11,1,2,0,3,11,3,2,2,1,2,3,2,3,0,0,0
292,8,3,5,2,8,0,3,10,1,13,0,10,0,3,1,0,0,0,1
293,9,0,6,2,6,0,3,3,1,2,1,10,3,3,1,5,0,0,0
294,13,3,13,2,13,1,3,3,3,4,3,0,0,2,0,7,0,0,0
295,5,3,11,1,1,1,3,12,3,4,2,0,0,2,6,4,0,0,1
296,7,3,7,1,9,2,3,12,0,2,3,5,0,3,3,7,0,0,0
297,11,3,1,0,7,2,3,12,1,2,2,6,3,3,8,8,0,0,2
298,1,2,9,3,6,1,3,4,1,7,0,1,3,3,6,2,0,0,1
299,8,1,8,2,0,0,2,3,0,11,2,11,0,3,6,3,0,0,1
300,4,3,10,3,3,2,3,10,1,13,0,7,2,3,7,7,0,0,2
301,10,0,7,1,0,0,2,11,1,6,3,0,0,2,7,6,0,0,1
302,9,1,5,1,0,0,2,8,1,12,1,0,0,2,4,8,0,1,0
303,2,1,9,2,4,0,3,10,2,1,3,12,2,3,5,1,0,0,1
304,2,0,3,3,1,0,3,2,3,1,2,13,1,3,6,3,0,0,1
305,6,2,11,0,0,0,2,11,2,5,2,13,3,3,6,5,0,0,1
306,7,0,2,2,0,0,2,9,3,8,2,0,0,2,9,7,1,0,1
307,9,0,4,1,0,0,2,12,0,8,0,0,0,2,3,8,0,1,0
308,6,1,5,3,3,0,3,5,0,11,3,0,0,2,4,5,0,0,0
309,4,3,3,3,0,0,2,13,2,5,1,8,2,3,7,3,0,0,1
310,6,1,11,3,0,0,2,5,2,4,1,0,0,2,6,9,0,1,0
311,6,0,12,1,0,0,2,7,1,2,0,0,0,2,6,9,0,1,0
312,2,2,10,2,1,3,3,11,2,10,1,11,0,3,3,0,0,0,1
313,1,1,11,1,9,3,3,12,3,13,0,7,3,3,0,7,0,0,0
314,9,0,5,0,12,0,3,1,0,13,3,8,0,3,4,9,0,0,0
315,6,3,1,2,0,0,2,4,0,3,0,0,0,2,7,7,0,0,2
316,10,3,3,1,3,2,3,5,3,8,1,9,2,3,6,2,0,0,1
317,2,1,2,3,7,0,3,13,1,6,2,4,2,3,1,0,0,0,1
318,6,3,4,1,0,0,2,12,2,9,1,0,0,2,0,9,0,1,0
319,12,0,3,2,10,2,3,5,3,2,3,0,0,2,3,7,0,0,0
320,7,2,8,2,2,2,3,5,1,5,2,12,1,3,7,0,0,0,1
321,13,3,7,1,0,0,2,9,3,6,1,12,3,3,7,5,0,0,1
322,1,0,4,3,11,0,3,7,0,13,2,0,0,2,5,7,0,0,0
323,2,1,11,1,0,0,2,11,2,8,1,0,0,2,2,8,0,1,0
324,10,0,4,2,0,0,2,8,3,10,1,0,0,2,4,8,0,1,0
325,9,2,11,3,0,0,2,13,1,10,3,0,0,2,9,0,1,0,1
326,3,1,13,0,5,0,3,1,1,1,3,7,3,3,8,9,0,0,0
327,9,0,3,1,2,3,3,6,0,7,2,8,0,3,4,1,0,0,1
328,2,1,6,1,0,0,2,12,3,9,3,0,0,2,8,9,1,1,0
329,3,2,1,0,9,2,3,3,0,4,0,0,0,2,3,7,0,0,0
330,5,1,10,2,10,3,3,10,1,7,1,0,0,2,5,7,0,0,0
331,13,0,7,0,0,0,2,11,0,1,1,6,2,3,7,7,0,0,2
332,8,1,8,3,0,0,2,12,1,6,3,0,0,2,6,6,0,0,2
333,9,1,4,2,0,0,2,8,2,13,1,0,0,2,3,8,0,1,0
334,4,3,11,2,13,2,3,5,3,12,0,0,0,2,4,5,0,0,0
335,12,2,5,0,1,2,3,2,0,4,1,0,0,2,6,6,0,0,2
336,11,0,13,0,4,2,3,8,0,6,0,8,1,3,4,2,0,0,1
337,5,1,10,3,4,3,3,4,1,6,2,7,0,3,9,7,0,0,1
338,3,2,12,1,2,2,3,7,3,5,2,9,1,3,5,1,0,0,1
339,11,2,6,3,0,0,2,8,3,4,0,2,1,3,6,4,0,0,1
340,10,1,5,3,0,0,2,2,3,6,1,0,0,2,5,8,0,1,0
341,5,0,1,0,0,0,2,1,1,7,1,0,0,2,6,8,0,1,0
342,3,3,12,3,11,3,3,3,1,13,3,12,2,3,3,3,0,0,2
343,1,2,9,3,0,0,2,11,1,9,2,0,0,2,0,9,0,1,0
344,13,2,7,2,0,0,2,10,2,3,0,8,2,3,7,1,0,0,1
345,9,1,9,0,0,0,2,3,3,13,0,0,0,2,8,3,1,0,1
346,9,3,7,1,0,0,2,2,3,10,0,12,3,3,6,2,0,0,1
347,1,0,4,2,10,2,3,6,3,6,0,1,3,3,5,3,0,0,1
348,11,0,8,2,0,0,2,13,3,12,2,0,0,2,8,0,1,0,1
349,4,0,8,3,0,0,2,2,0,7,0,0,0,2,2,9,0,1,0
350,3,0,6,2,0,0,2,4,1,5,2,0,0,2,9,9,1,1,2
351,1,1,7,3,0,0,2,12,0,5,0,0,0,2,8,5,1,0,1
352,11,1,13,1,11,2,3,8,0,7,2,0,0,2,0,5,0,0,0
353,5,3,3,1,0,0,2,10,3,1,2,0,0,2,8,1,1,0,1
354,4,3,8,1,3,2,3,2,1,13,2,12,1,3,5,2,0,0,1
355,10,3,4,0,0,0,2,13,1,9,2,0,0,2,4,9,0,1,0
356,1,1,4,2,6,2,3,9,1,1,0,7,1,3,1,7,0,0,0
357,9,3,5,1,12,2,3,13,0,11,3,2,0,3,4,2,0,0,1
358,6,1,7,0,11,2,3,6,3,8,0,0,0,2,3,4,0,0,0
359,3,0,10,1,0,0,2,5,0,4,1,0,0,2,3,9,0,1,0
360,2,2,12,0,1,3,3,11,1,5,2,0,0,2,3,5,0,0,0
361,8,2,4,3,0,0,2,3,1,6,0,0,0,2,2,9,0,1,0
362,13,2,7,3,0,0,2,1,2,5,3,0,0,2,7,6,0,0,1
363,8,1,3,2,8,3,3,2,1,9,0,13,3,3,9,1,0,0,1
364,7,2,2,3,0,0,2,13,3,2,0,0,0,2,9,2,1,0,1
365,12,1,7,1,0,0,2,8,2,8,0,0,0,2,7,6,0,0,1
366,5,2,12,3,7,0,3,10,2,7,3,0,0,2,2,7,0,0,0
367,12,0,10,1,0,0,2,13,2,8,1,0,0,2,0,8,0,1,0
368,12,2,2,1,2,2,3,1,3,4,1,0,0,2,4,5,0,0,0
369,11,0,8,3,0,0,2,3,3,1,1,0,0,2,8,4,1,0,1
370,9,3,11,1,0,0,2,6,1,4,0,0,0,2,9,0,1,0,1
371,6,0,9,0,0,0,2,9,2,13,1,0,0,2,5,9,0,1,0
372,4,2,5,0,0,0,2,13,0,6,3,0,0,2,9,6,1,0,1
373,3,0,9,1,10,3,3,3,1,4,3,0,0,2,2,7,0,0,0
374,4,0,1,2,7,2,3,3,3,9,0,12,0,3,2,2,0,0,2
375,10,2,4,2,11,2,3,5,3,10,3,0,0,2,4,5,0,0,0
376,10,1,3,0,0,0,2,10,0,8,2,0,0,2,3,8,0,1,0
377,8,1,7,1,5,2,3,7,3,12,2,0,0,2,0,7,0,0,0
378,6,0,11,0,0,0,2,5,0,6,2,1,0,3,6,2,0,0,1
379,9,2,5,1,0,0,2,8,0,1,3,0,0,2,4,9,0,1,0
380,4,1,7,0,0,0,2,9,3,13,3,0,0,2,1,9,0,1,0
381,12,3,3,2,11,3,3,2,3,13,1,4,3,3,3,6,0,0,0
382,2,1,9,1,8,3,3,13,2,11,1,6,1,3,9,6,0,0,1
383,6,3,9,0,13,3,3,2,0,1,2,5,2,3,5,8,0,0,0
384,4,2,9,1,2,3,3,1,1,9,2,5,3,3,5,5,0,0,2
385,8,0,3,3,11,3,3,10,3,13,2,12,3,3,1,0,0,0,1
386,2,2,3,1,11,0,3,1,0,5,0,0,0,2,5,6,0,0,0
387,7,2,6,2,10,1,3,11,2,6,1,0,0,2,3,6,0,0,0
388,3,2,5,1,0,0,2,13,0,7,1,0,0,2,8,7,1,0,1
389,10,2,12,0,12,1,3,7,3,8,2,0,0,2,0,5,0,0,0
390,11,1,9,3,0,0,2,12,2,8,1,0,0,2,9,8,1,1,1
391,3,0,7,0,0,0,2,4,1,4,3,0,0,2,0,8,0,1,0
392,9,1,3,3,8,1,3,10,3,1,2,9,2,3,0,0,0,0,2
393,8,0,7,3,1,0,3,11,1,4,1,0,0,2,6,4,0,0,1
394,8,2,12,1,0,0,2,12,3,9,0,0,0,2,8,9,1,1,0
395,10,0,13,0,2,1,3,5,2,7,1,11,3,3,2,2,0,0,2
396,6,1,13,2,0,0,2,2,0,12,0,13,3,3,6,2,0,0,1
397,2,3,5,0,0,0,2,5,1,4,2,0,0,2,7,9,0,1,0
398,13,1,8,3,0,0,2,6,2,4,0,0,0,2,8,0,1,0,1
399,3,2,9,3,0,0,2,3,1,6,3,0,0,2,2,9,0,1,0
400,11,2,6,0,0,0,2,12,2,11,0,3,0,3,6,3,0,0,1
401,9,0,8,3,0,0,2,4,1,13,3,6,1,3,7,0,0,0,1
402,1,1,11,0,12,0,3,5,1,7,0,4,0,3,1,6,0,0,0
403,7,3,6,0,0,0,2,9,2,13,2,0,0,2,3,9,0,1,0
404,8,2,10,0,0,0,2,4,3,12,3,0,0,2,8,4,1,0,1
405,7,1,3,3,2,0,3,2,1,12,1,3,1,3,2,5,0,0,0
406,10,3,5,0,9,1,3,5,2,1,0,0,0,2,4,6,0,0,0
407,13,1,11,3,0,0,2,2,3,6,3,0,0,2,0,8,0,1,0
408,10,2,8,1,0,0,2,5,3,11,1,0,0,2,8,5,1,0,1
409,12,2,2,2,10,1,3,6,2,4,2,13,0,3,2,0,0,0,1
410,7,1,1,2,0,0,2,13,0,1,1,0,0,2,8,1,1,0,1
411,10,1,3,0,3,3,3,9,3,7,0,0,0,2,6,6,0,0,2
412,8,1,12,0,0,0,2,10,3,12,1,0,0,2,8,0,1,0,1
413,9,0,8,2,0,0,2,5,1,6,3,8,3,3,7,9,0,0,0
414,1,0,2,3,0,0,2,7,3,1,3,0,0,2,3,8,0,1,0
415,9,2,12,3,0,0,2,8,0,11,0,0,0,2,9,8,1,1,1
416,2,2,6,1,0,0,2,13,2,10,2,0,0,2,8,0,1,0,1
417,4,0,11,2,10,0,3,13,1,12,2,5,2,3,4,5,0,0,0
418,13,3,7,2,0,0,2,5,0,4,3,0,0,2,7,9,0,1,0
419,4,1,5,3,0,0,2,4,2,2,0,0,0,2,9,6,1,0,1
420,5,3,8,1,4,3,3,11,3,12,1,10,2,3,7,0,0,0,1
421,9,3,7,0,0,0,2,1,1,3,2,12,0,3,6,4,0,0,1
422,12,3,2,2,0,0,2,10,1,9,0,0,0,2,2,9,0,1,0
423,6,3,10,3,0,0,2,1,3,5,2,0,0,2,6,6,0,0,2
424,2,1,4,1,0,0,2,3,3,3,0,0,0,2,6,6,0,0,2
425,7,2,13,3,0,0,2,9,2,4,0,7,1,3,7,0,0,0,1
426,1,0,6,1,0,0,2,6,2,5,1,13,1,3,7,1,0,0,1
427,8,0,1,2,0,0,2,5,0,3,1,0,0,2,9,8,1,1,1
428,11,1,12,2,0,0,2,2,3,7,3,0,0,2,0,9,0,1,0
429,8,3,2,0,6,0,3,11,0,10,0,8,2,3,6,8,0,0,0
430,9,0,2,2,5,3,3,11,3,12,0,13,3,3,6,0,0,0,1
431,10,3,4,2,10,0,3,3,3,11,0,8,1,3,4,1,0,0,1
432,1,3,7,1,0,0,2,2,0,2,3,0,0,2,8,4,1,0,1
433,9,2,12,2,0,0,2,5,0,3,1,0,0,2,9,8,1,1,1
434,5,2,5,1,13,0,3,3,2,7,3,9,1,3,0,9,0,0,0
435,1,0,11,2,10,2,3,9,3,6,0,0,0,2,1,5,0,0,0
436,4,3,10,1,12,1,3,13,2,6,2,0,0,2,4,6,0,0,0
437,8,0,8,2,0,0,2,6,1,6,3,7,2,3,6,9,0,0,0
438,7,0,4,1,11,1,3,13,1,3,0,1,1,3,1,4,0,0,0
439,12,2,5,0,13,1,3,11,3,7,1,0,0,2,5,7,0,0,0
440,10,0,6,1,0,0,2,4,3,9,1,2,0,3,6,5,0,0,1
441,3,2,7,3,0,0,2,8,0,12,0,0,0,2,0,8,0,1,0
442,11,0,5,1,0,0,2,8,2,11,1,0,0,2,5,8,0,1,0
443,13,3,1,1,6,3,3,13,0,2,2,2,3,3,7,4,0,0,1
444,6,0,4,2,0,0,2,8,3,10,1,0,0,2,0,8,0,1,0
445,12,1,3,0,0,0,2,8,1,13,2,0,0,2,3,8,0,1,0
446,3,1,6,2,0,0,2,3,3,7,0,0,0,2,9,0,1,0,1
447,12,3,10,2,4,1,3,2,1,1,0,11,2,3,4,3,0,0,1
448,10,3,5,3,9,2,3,1,2,1,3,9,3,3,4,1,0,0,1
449,2,1,1,3,0,0,2,6,0,2,3,0,0,2,3,8,0,1,0
450,10,1,5,2,13,0,3,7,1,3,1,10,3,3,5,0,0,0,1
451,4,3,10,0,0,0,2,4,2,4,1,0,0,2,4,8,0,1,0
452,11,1,7,3,0,0,2,8,1,12,0,0,0,2,7,8,0,1,0
453,8,3,13,2,0,0,2,6,2,2,0,0,0,2,8,8,1,1,2
454,5,3,1,1,0,0,2,12,2,3,3,9,3,3,6,2,0,0,1
455,9,0,11,0,0,0,2,12,1,8,2,0,0,2,9,8,1,1,1
456,5,1,1,2,0,0,2,6,1,1,0,0,0,2,6,7,0,0,0
457,13,3,4,0,0,0,2,12,3,9,2,0,0,2,4,9,0,1,0
458,8,0,2,2,9,1,3,7,0,6,3,11,3,3,9,3,0,0,1
459,7,0,10,3,0,0,2,4,3,7,1,11,3,3,7,1,0,0,1
460,13,0,2,1,6,0,3,4,1,12,1,5,1,3,8,9,0,0,0
461,13,1,1,3,13,3,3,7,3,5,2,12,3,3,1,2,0,0,0
462,2,0,3,2,0,0,2,10,0,8,3,0,0,2,5,8,0,1,0
463,5,0,2,3,0,0,2,5,3,1,1,0,0,2,7,6,0,0,1
464,6,3,3,3,0,0,2,11,2,13,2,0,0,2,9,0,1,0,1
465,10,2,9,2,0,0,2,8,2,9,1,0,0,2,9,7,1,0,1
466,8,1,1,2,0,0,2,6,1,9,0,0,0,2,9,5,1,0,1
467,4,2,11,1,4,0,3,2,2,3,1,3,0,3,8,8,0,0,2
468,6,2,2,3,0,0,2,1,2,12,1,0,0,2,8,1,1,0,1
469,8,0,1,3,0,0,2,11,1,10,1,0,0,2,9,0,1,0,1
470,5,2,10,2,0,0,2,3,0,6,3,0,0,2,5,9,0,1,0
471,12,2,8,2,0,0,2,3,3,3,1,0,0,2,8,6,1,0,1
472,9,2,10,0,0,0,2,11,0,9,0,0,0,2,9,9,1,1,2
473,5,3,11,3,3,2,3,6,0,7,3,13,1,3,8,3,0,0,1
474,13,2,2,0,1,1,3,5,1,7,2,9,1,3,3,1,0,0,1
475,4,3,13,3,12,3,3,2,2,1,0,12,0,3,4,3,0,0,1
476,11,2,9,3,0,0,2,2,1,6,1,0,0,2,9,8,1,1,1
477,8,3,4,1,7,1,3,4,2,13,0,4,0,3,9,8,0,0,1
478,2,0,1,2,7,3,3,6,0,8,0,11,2,3,0,4,0,0,0
479,11,3,3,2,0,0,2,12,3,8,1,0,0,2,3,8,0,1,0
480,13,0,4,3,10,1,3,2,3,5,3,0,0,2,4,7,0,0,0
481,6,2,13,2,0,0,2,12,2,2,1,10,2,3,6,2,0,0,1
482,4,1,9,0,12,0,3,7,0,4,2,6,1,3,3,7,0,0,0
483,13,1,8,2,0,0,2,3,0,9,2,0,0,2,8,2,1,0,1
484,1,0,9,1,5,1,3,2,2,10,3,1,1,3,5,3,0,0,1
485,9,3,3,1,5,0,3,11,1,4,0,12,1,3,7,4,0,0,1
486,6,3,13,3,0,0,2,3,3,5,2,0,0,2,6,8,0,1,0
487,3,2,1,1,3,0,3,1,3,13,2,13,3,3,7,1,0,0,1
488,11,3,1,0,4,2,3,3,3,8,3,9,1,3,5,0,0,0,1
489,10,3,5,1,5,0,3,10,1,10,2,4,0,3,0,4,0,0,0
490,6,2,12,2,0,0,2,7,2,6,0,12,0,3,6,3,0,0,1
491,13,1,2,0,11,2,3,3,1,2,3,0,0,2,2,5,0,0,0
492,7,0,2,2,0,0,2,12,1,8,1,0,0,2,9,8,1,1,1
493,7,3,1,2,0,0,2,6,1,10,0,0,0,2,8,6,1,0,1
494,4,1,11,1,8,2,3,9,0,5,2,0,0,2,2,4,0,0,0
495,9,2,5,3,0,0,2,2,1,7,1,0,0,2,4,9,0,1,0
496,12,1,7,1,0,0,2,5,0,9,2,5,3,3,7,9,0,0,0
497,13,1,3,2,5,2,3,6,2,6,0,12,3,3,8,2,0,0,1
498,1,3,1,1,8,2,3,13,3,3,1,0,0,2,0,3,0,0,0
499,2,2,9,0,0,0,2,4,3,4,0,0,0,2,1,8,0,1,0
500,7,3,11,3,0,0,2,11,1,13,2,11,2,3,7,0,0,0,1
501,13,0,10,1,12,0,3,2,3,1,0,6,1,3,0,9,0,0,0
502,8,3,8,1,0,0,2,10,0,6,3,0,0,2,6,6,0,0,2
503,9,3,3,3,0,0,2,11,0,8,0,0,0,2,2,8,0,1,0
504,7,0,12,2,0,0,2,2,1,9,1,7,2,3,7,8,0,0,0
505,1,3,2,2,11,2,3,2,3,12,2,4,1,3,3,6,0,0,0
506,11,1,8,3,0,0,2,1,1,2,0,0,0,2,8,3,1,0,1
507,5,3,6,0,10,3,3,8,2,6,3,0,0,2,1,4,0,0,0
508,3,0,5,0,0,0,2,3,2,10,0,0,0,2,8,3,1,0,1
509,9,3,3,3,1,2,3,7,3,4,2,13,0,3,3,1,0,0,1
510,11,3,12,0,8,1,3,6,1,9,1,0,0,2,8,5,0,0,1
511,4,0,10,1,13,3,3,8,0,7,0,0,0,2,4,5,0,0,0
512,9,0,12,3,0,0,2,13,1,5,1,0,0,2,9,5,1,0,1
513,6,2,10,2,0,0,2,3,1,4,3,0,0,2,6,7,0,0,0
514,7,0,7,2,8,1,3,2,2,5,3,0,0,2,2,7,0,0,0
515,9,0,8,2,0,0,2,13,3,2,1,1,3,3,7,3,0,0,1
516,10,0,5,2,3,3,3,11,1,11,3,4,2,3,8,4,0,0,1
517,8,0,2,3,6,1,3,4,0,13,0,11,2,3,6,4,0,0,1
518,1,0,3,2,4,1,3,8,3,7,1,7,3,3,8,2,0,0,1
519,10,1,12,0,1,2,3,12,3,1,1,2,0,3,1,3,0,0,0
520,6,3,9,2,5,1,3,3,0,12,2,6,2,3,0,9,0,0,0
521,10,2,13,2,0,0,2,13,1,9,1,0,0,2,0,9,0,1,0
522,1,2,10,3,0,0,2,7,1,2,2,0,0,2,1,9,0,1,0
523,4,1,7,0,6,0,3,7,3,13,1,0,0,2,7,7,0,0,2
524,2,0,11,1,5,3,3,12,1,7,2,0,0,2,7,7,0,0,2
525,6,2,1,0,0,0,2,4,0,5,1,0,0,2,7,9,0,1,0
526,8,1,10,0,0,0,2,8,3,3,3,0,0,2,8,1,1,0,1
527,4,3,3,1,0,0,2,9,0,12,0,0,0,2,7,9,0,1,0
528,9,1,2,3,0,0,2,9,2,11,3,0,0,2,1,9,0,1,0
529,5,0,12,3,5,2,3,6,3,11,2,0,0,2,0,6,0,0,0
530,8,2,13,3,0,0,2,8,0,3,0,0,0,2,8,1,1,0,1
531,9,3,13,2,0,0,2,12,2,2,1,0,0,2,9,2,1,0,1
532,1,3,13,3,6,0,3,9,0,5,3,7,0,3,7,1,0,0,1
533,10,3,12,2,1,1,3,6,3,5,1,2,1,3,1,3,0,0,0
534,12,1,6,1,0,0,2,8,3,7,2,11,1,3,6,5,0,0,1
535,9,1,13,0,0,0,2,9,2,7,1,0,0,2,9,6,1,0,1
536,8,2,8,0,0,0,2,13,2,1,0,4,2,3,6,5,0,0,1
537,7,3,5,0,11,3,3,9,3,6,2,0,0,2,2,5,0,0,0
538,2,3,8,1,10,2,3,10,1,4,3,0,0,2,0,4,0,0,0
539,3,1,5,2,0,0,2,3,2,4,0,0,0,2,8,7,1,0,1
540,11,0,4,1,2,2,3,2,0,1,2,11,2,3,6,3,0,0,1
541,13,2,1,0,5,3,3,9,0,2,1,1,3,3,6,2,0,0,1
542,4,1,1,1,9,3,3,3,2,11,2,10,2,3,4,3,0,0,1
543,8,1,4,3,6,0,3,7,0,10,0,0,0,2,8,7,0,0,1
544,5,1,11,3,9,2,3,8,3,6,1,0,0,2,4,4,0,0,2
545,10,1,13,0,12,1,3,1,2,3,0,0,0,2,0,4,0,0,0
546,7,1,3,1,13,1,3,12,3,7,2,0,0,2,0,7,0,0,0
547,3,3,10,3,2,0,3,12,2,4,2,2,2,3,5,6,0,0,0
548,4,0,7,3,11,0,3,12,0,5,0,0,0,2,1,5,0,0,0
549,6,0,13,0,0,0,2,4,3,4,2,0,0,2,6,8,0,1,0
550,3,1,8,3,3,0,3,1,0,6,1,0,0,2,4,7,0,0,0
551,7,2,9,0,0,0,2,11,0,13,1,7,0,3,6,7,0,0,0
552,8,1,10,0,0,0,2,7,3,6,2,0,0,2,8,3,1,0,1
553,12,0,5,1,8,0,3,11,2,1,2,12,1,3,3,1,0,0,1
554,11,3,1,1,0,0,2,4,0,5,0,0,0,2,1,9,0,1,0
555,5,2,2,0,0,0,2,1,3,9,3,2,3,3,7,2,0,0,1
556,6,3,11,1,0,0,2,10,2,7,1,0,0,2,6,7,0,0,0
557,9,2,8,2,0,0,2,3,3,4,1,0,0,2,7,7,0,0,2
558,10,3,2,2,5,3,3,12,3,12,2,9,1,3,7,9,0,0,0
559,6,2,2,2,0,0,2,6,0,10,3,0,0,2,8,6,1,0,1
560,5,2,5,1,13,2,3,7,3,9,1,0,0,2,0,6,0,0,0
561,4,0,2,1,0,0,2,11,3,12,3,3,0,3,6,3,0,0,1
562,10,2,8,3,0,0,2,3,1,9,0,0,0,2,8,2,1,0,1
563,1,2,2,3,4,2,3,10,1,13,0,12,1,3,7,0,0,0,1
564,13,1,7,2,0,0,2,3,3,6,1,0,0,2,7,9,0,1,0
565,12,0,6,3,0,0,2,10,0,11,0,9,3,3,6,9,0,0,0
566,13,3,1,0,5,0,3,11,1,1,3,4,3,3,6,5,0,0,1
567,8,1,8,0,0,0,2,11,2,7,1,0,0,2,6,7,0,0,0
568,12,1,9,1,0,0,2,3,3,3,2,0,0,2,9,6,1,0,1
569,9,3,1,0,13,2,3,4,3,3,0,0,0,2,0,7,0,0,0
570,7,2,7,0,4,1,3,11,0,7,1,0,0,2,8,7,0,0,1
571,2,3,2,0,6,3,3,6,1,5,1,2,2,3,0,3,0,0,0
572,10,1,11,1,13,3,3,8,3,5,2,4,0,3,0,7,0,0,0
573,12,3,1,3,7,3,3,5,3,13,1,2,1,3,8,7,0,0,1
574,12,2,5,0,0,0,2,8,0,10,2,0,0,2,5,8,0,1,0
575,3,1,13,0,6,2,3,1,2,11,2,10,3,3,9,1,0,0,1
576,9,2,11,3,0,0,2,6,0,9,0,0,0,2,9,5,1,0,1
577,3,0,10,3,0,0,2,5,3,4,3,0,0,2,3,9,0,1,0
578,9,1,10,2,0,0,2,9,3,4,2,0,0,2,9,3,1,0,1
579,5,2,8,2,3,3,3,2,2,2,3,10,1,3,6,4,0,0,1
580,6,1,1,3,0,0,2,12,2,13,2,1,1,3,7,1,0,0,1
581,11,2,3,2,5,0,3,2,0,9,0,12,0,3,8,1,0,0,1
582,11,0,8,1,0,0,2,10,0,7,2,0,0,2,8,7,1,0,1
583,3,1,8,3,4,1,3,1,0,4,0,12,1,3,5,5,0,0,2
584,7,3,7,1,12,3,3,11,1,11,3,7,0,3,4,7,0,0,0
585,6,0,13,0,0,0,2,6,3,8,0,1,2,3,6,5,0,0,1
586,5,0,9,2,3,1,3,9,1,4,2,11,2,3,7,3,0,0,1
587,11,1,7,0,0,0,2,12,2,2,0,7,3,3,7,9,0,0,0
588,7,1,13,1,0,0,2,1,1,4,0,11,3,3,7,5,0,0,1
589,9,3,8,2,0,0,2,8,1,2,1,13,2,3,7,0,0,0,1
590,2,2,3,0,10,1,3,5,3,10,3,0,0,2,5,5,0,0,2
591,12,0,5,2,3,3,3,12,3,6,3,0,0,2,8,6,0,0,1
592,5,1,4,1,0,0,2,6,0,6,2,0,0,2,9,2,1,0,1
593,9,0,13,3,0,0,2,3,2,10,2,0,0,2,9,3,1,0,1
594,12,1,8,3,0,0,2,11,0,4,3,0,0,2,8,4,1,0,1
595,5,2,5,1,0,0,2,9,3,10,1,0,0,2,0,9,0,1,0
596,5,3,3,3,0,0,2,2,1,10,3,0,0,2,8,2,1,0,1
597,4,0,7,1,13,0,3,4,2,7,2,10,2,3,1,1,0,0,2
598,9,2,13,2,0,0,2,3,0,2,3,0,0,2,9,5,1,0,1
599,5,0,4,3,0,0,2,11,3,2,0,0,0,2,9,2,1,0,1
600,12,3,1,2,11,1,3,6,0,4,1,12,2,3,1,0,0,0,1
601,8,1,6,2,6,1,3,9,1,7,0,1,3,3,0,7,0,0,0
602,1,0,3,1,0,0,2,8,2,11,2,0,0,2,4,8,0,1,0
603,1,1,8,0,0,0,2,2,2,13,3,0,0,2,9,2,1,0,1
604,9,0,10,0,0,0,2,7,3,6,3,0,0,2,9,3,1,0,1
605,5,3,7,1,2,2,3,11,1,3,1,1,1,3,4,4,0,0,2
606,8,1,6,1,1,3,3,13,2,11,3,12,0,3,5,0,0,0,1
607,7,2,1,2,0,0,2,9,3,13,3,0,0,2,8,9,1,1,0
608,4,0,4,1,0,0,2,10,1,2,1,0,0,2,8,2,1,0,1
609,9,1,3,0,9,2,3,5,2,8,2,12,1,3,1,3,0,0,0
610,4,3,13,0,11,2,3,12,2,13,1,1,0,3,4,1,0,0,1
611,6,3,7,0,6,0,3,8,3,2,3,12,3,3,9,0,0,0,1
612,2,0,3,3,3,2,3,9,0,5,0,6,2,3,8,0,0,0,1
613,8,3,2,0,4,1,3,5,2,10,2,10,1,3,4,5,0,0,0
614,7,2,13,3,0,0,2,8,0,5,0,12,2,3,7,3,0,0,1
615,2,3,3,3,6,3,3,9,3,2,2,7,1,3,1,8,0,0,0
616,11,0,10,3,2,1,3,6,1,12,3,0,0,2,2,6,0,0,0
617,6,0,1,2,0,0,2,13,1,9,2,0,0,2,7,9,0,1,0
618,12,0,9,0,0,0,2,3,1,1,0,0,0,2,9,4,1,0,1
619,9,1,3,2,13,0,3,13,2,11,2,8,2,3,2,8,0,0,0
620,6,2,1,3,0,0,2,12,1,4,2,10,0,3,7,4,0,0,1
621,8,1,1,1,0,0,2,7,0,4,0,0,0,2,9,1,1,0,1
622,12,0,12,1,13,0,3,5,3,8,0,2,3,3,0,5,0,0,0
623,11,2,11,0,4,2,3,3,1,1,0,9,2,3,4,3,0,0,1
624,11,1,12,3,2,1,3,5,1,6,3,4,3,3,2,5,0,0,0
625,7,3,9,1,0,0,2,5,2,11,3,3,0,3,6,8,0,0,0
626,10,3,8,1,0,0,2,7,2,4,1,0,0,2,8,1,1,0,1
627,4,0,3,2,0,0,2,8,3,12,2,0,0,2,7,8,0,1,0
628,6,0,7,1,9,3,3,13,3,1,1,13,2,3,2,1,0,0,1
629,7,0,10,2,0,0,2,3,3,2,0,13,1,3,7,5,0,0,1
630,6,2,1,2,0,0,2,5,0,9,0,10,1,3,7,4,0,0,1
631,7,0,11,0,0,0,2,13,1,2,0,4,0,3,7,6,0,0,1
632,11,3,9,3,0,0,2,6,3,3,0,0,0,2,9,9,1,1,2
633,3,1,1,1,13,2,3,7,1,8,3,0,0,2,4,5,0,0,0
634,1,2,8,2,0,0,2,9,2,13,3,0,0,2,9,9,1,1,2
635,12,2,5,3,3,3,3,9,1,5,2,12,3,3,8,4,0,0,1
636,11,1,4,1,13,0,3,4,3,10,3,0,0,2,4,4,0,0,2
637,6,2,3,2,0,0,2,9,0,10,2,0,0,2,9,9,1,1,2
638,6,0,1,0,0,0,2,2,3,6,1,0,0,2,7,8,0,1,0
639,2,2,12,0,10,0,3,5,1,10,1,0,0,2,2,5,0,0,0
640,4,2,12,1,0,0,2,8,0,11,2,0,0,2,4,8,0,1,0
641,11,1,8,3,0,0,2,11,0,8,2,0,0,2,8,8,1,1,2
642,4,0,13,1,7,3,3,4,2,2,1,9,2,3,1,5,0,0,0
643,2,2,6,0,0,0,2,1,3,7,2,0,0,2,8,8,1,1,2
644,8,1,5,1,7,0,3,2,0,12,1,1,1,3,0,3,0,0,0
645,3,1,4,3,0,0,2,12,2,10,0,4,1,3,7,4,0,0,1
646,12,3,8,0,0,0,2,6,2,13,0,0,0,2,8,6,1,0,1
647,6,3,9,1,5,0,3,3,0,1,0,10,2,3,0,4,0,0,0
648,10,1,9,3,0,0,2,6,1,1,2,0,0,2,9,7,1,0,1
649,11,3,13,3,11,2,3,12,0,5,3,0,0,2,0,5,0,0,0
650,8,1,5,2,10,2,3,13,0,13,2,9,3,3,3,9,0,0,0
651,2,2,7,3,0,0,2,5,3,3,3,0,0,2,9,8,1,1,1
652,8,3,11,2,0,0,2,4,2,1,1,0,0,2,8,5,1,0,1
653,12,0,8,2,0,0,2,1,3,7,0,0,0,2,8,8,1,1,2
654,10,1,7,1,0,0,2,8,0,9,2,0,0,2,7,7,0,0,2
655,1,0,11,3,6,1,3,12,2,13,3,10,0,3,7,0,0,0,1
656,1,2,6,0,0,0,2,3,0,6,3,0,0,2,7,9,0,1,0
657,5,0,10,3,7,2,3,11,0,3,1,9,0,3,2,2,0,0,2
658,2,0,2,1,12,3,3,3,2,9,1,12,1,3,4,2,0,0,1
659,7,2,12,0,0,0,2,13,3,11,2,7,0,3,7,7,0,0,2
660,5,0,8,0,11,3,3,6,0,4,1,10,2,3,3,0,0,0,1
661,1,1,10,3,0,0,2,12,2,8,2,0,0,2,1,8,0,1,0
662,2,1,3,1,4,3,3,5,2,11,1,9,0,3,9,4,0,0,1
663,3,3,10,0,6,3,3,1,3,4,0,2,2,3,9,7,0,0,1
664,12,1,9,3,0,0,2,3,0,13,1,0,0,2,9,3,1,0,1
665,3,2,4,2,0,0,2,12,3,11,0,6,2,3,7,6,0,0,1
666,13,2,2,3,5,1,3,8,1,9,1,0,0,2,7,7,0,0,2
667,6,1,2,0,0,0,2,7,3,8,3,0,0,2,8,5,1,0,1
668,4,0,11,1,12,0,3,12,1,11,3,9,2,3,4,9,0,0,0
669,10,0,4,3,9,3,3,8,0,3,1,1,3,3,3,2,0,0,1
670,1,2,13,0,1,0,3,4,1,8,2,10,1,3,2,2,0,0,2
671,5,1,10,3,3,3,3,7,1,9,1,0,0,2,8,6,0,0,1
672,6,2,12,3,0,0,2,6,3,13,3,0,0,2,6,6,0,0,2
673,12,2,2,1,7,2,3,7,3,11,2,0,0,2,9,7,0,0,1
674,10,2,3,2,11,0,3,7,0,5,2,1,1,3,3,3,0,0,2
675,5,0,9,0,2,0,3,2,2,4,2,0,0,2,6,6,0,0,2
676,4,0,12,2,1,1,3,8,2,2,1,13,0,3,5,0,0,0,1
677,7,3,11,3,0,0,2,6,1,13,3,0,0,2,7,6,0,0,1
678,5,2,8,1,1,3,3,10,0,13,1,11,0,3,4,0,0,0,1
679,5,0,4,3,0,0,2,9,2,3,1,0,0,2,9,2,1,0,1
680,1,0,6,2,0,0,2,3,0,13,2,9,0,3,7,2,0,0,1
681,7,0,6,0,11,2,3,3,2,12,3,5,3,3,3,8,0,0,0
682,4,1,12,1,9,3,3,7,2,10,3,0,0,2,3,7,0,0,0
683,4,2,3,3,0,0,2,10,2,1,2,11,1,3,7,1,0,0,1
684,10,1,9,1,0,0,2,5,1,2,2,0,0,2,9,7,1,0,1
685,4,1,6,0,9,3,3,3,3,1,0,0,0,2,9,4,0,0,1
686,13,2,12,0,4,2,3,1,3,2,2,9,2,3,4,2,0,0,1
687,13,1,8,1,0,0,2,6,2,9,0,0,0,2,8,5,1,0,1
688,7,0,9,1,0,0,2,8,3,11,1,0,0,2,6,8,0,1,0
689,5,3,6,1,0,0,2,1,1,8,2,0,0,2,1,9,0,1,0
690,10,1,7,3,0,0,2,11,0,6,3,0,0,2,7,6,0,0,1
691,2,0,10,3,5,1,3,13,3,12,2,11,3,3,7,0,0,0,1
692,3,0,7,1,3,1,3,13,0,2,1,1,2,3,3,3,0,0,2
693,10,2,4,3,12,1,3,8,0,4,0,7,2,3,4,9,0,0,0
694,5,3,7,0,10,2,3,9,0,7,2,0,0,2,2,6,0,0,0
695,13,3,13,1,1,3,3,7,1,4,0,5,0,3,1,6,0,0,0
696,6,2,13,0,0,0,2,6,1,1,0,0,0,2,6,7,0,0,0
697,5,1,10,3,12,0,3,2,2,12,1,9,1,3,5,1,0,0,1
698,1,2,11,0,3,3,3,8,1,2,1,9,2,3,4,9,0,0,0
699,4,2,8,0,3,0,3,7,3,11,2,0,0,2,5,7,0,0,0
700,9,3,2,3,13,2,3,4,1,8,3,3,1,3,1,5,0,0,0
701,6,3,8,2,1,1,3,11,1,3,2,6,0,3,5,9,0,0,0
702,10,2,9,2,0,0,2,12,0,5,1,0,0,2,9,5,1,0,1
703,9,1,10,0,0,0,2,4,0,2,3,0,0,2,9,6,1,0,1
704,3,3,6,1,0,0,2,1,3,2,1,0,0,2,9,3,1,0,1
705,8,3,13,3,0,0,2,7,0,6,2,0,0,2,8,3,1,0,1
706,3,0,3,2,0,0,2,12,1,4,2,1,1,3,6,5,0,0,1
707,13,2,7,3,0,0,2,3,1,6,3,0,0,2,7,9,0,1,0
708,8,1,9,0,0,0,2,8,2,13,1,0,0,2,7,8,0,1,0
709,6,0,9,3,5,2,3,2,0,11,2,10,1,3,0,2,0,0,0
710,1,2,10,3,2,2,3,13,0,12,3,11,1,3,3,0,0,0,1
711,5,3,1,0,0,0,2,7,2,4,1,8,0,3,6,9,0,0,0
712,9,2,6,0,11,2,3,3,0,2,2,0,0,2,5,5,0,0,2
713,12,0,3,2,6,1,3,3,3,1,3,10,3,3,9,4,0,0,1
714,7,2,8,3,6,3,3,5,0,13,3,9,1,3,1,4,0,0,0
715,13,0,4,2,0,0,2,2,1,7,1,0,0,2,4,9,0,1,0
716,5,2,9,0,8,2,3,8,1,9,3,0,0,2,2,7,0,0,0
717,10,2,7,0,0,0,2,12,1,3,1,11,1,3,7,3,0,0,1
718,7,3,6,2,5,3,3,1,1,1,2,2,0,3,8,4,0,0,1
719,2,3,13,2,10,1,3,12,3,4,0,0,0,2,2,4,0,0,0
720,8,0,11,3,0,0,2,12,2,10,0,0,0,2,8,0,1,0,1
721,4,2,9,1,1,2,3,11,3,5,2,0,0,2,4,5,0,0,0
722,5,3,13,2,3,2,3,6,2,5,1,9,3,3,8,0,0,0,1
723,1,1,4,1,2,1,3,8,2,2,0,5,0,3,7,5,0,0,1
724,12,0,6,1,0,0,2,9,2,7,2,0,0,2,6,6,0,0,2
725,11,1,10,2,7,1,3,12,2,3,0,1,0,3,7,4,0,0,1
726,11,0,11,2,2,3,3,10,3,13,3,13,1,3,2,0,0,0,1
727,8,3,7,3,10,1,3,9,0,6,3,0,0,2,5,5,0,0,2
728,10,0,12,3,8,0,3,12,1,3,1,0,0,2,8,3,0,0,1
729,5,2,9,0,9,3,3,3,1,1,3,0,0,2,3,4,0,0,0
730,1,0,6,1,0,0,2,8,3,8,1,0,0,2,7,6,0,0,1
731,4,3,5,3,0,0,2,6,2,1,2,0,0,2,9,7,1,0,1
732,13,0,10,0,8,2,3,5,1,13,3,0,0,2,8,5,0,0,1
733,5,0,7,1,0,0,2,12,1,9,1,0,0,2,2,9,0,1,0
734,10,3,12,3,7,2,3,1,1,11,3,7,3,3,7,8,0,0,0
735,2,2,3,2,10,2,3,3,0,4,2,0,0,2,5,7,0,0,0
736,4,0,13,2,13,1,3,4,1,8,0,12,0,3,4,2,0,0,1
737,9,2,7,0,0,0,2,10,1,6,3,0,0,2,6,6,0,0,2
738,11,0,13,2,0,0,2,11,1,9,3,0,0,2,0,9,0,1,0
739,1,2,9,1,0,0,2,3,2,6,3,0,0,2,0,9,0,1,0
740,13,3,4,0,3,1,3,7,0,5,1,7,1,3,7,9,0,0,0
741,1,3,2,2,11,3,3,8,0,4,1,5,0,3,3,7,0,0,0
742,5,2,11,2,10,0,3,6,2,13,1,0,0,2,5,6,0,0,0
743,1,0,8,2,0,0,2,4,3,6,0,0,0,2,9,0,1,0,1
744,2,0,8,1,7,2,3,2,1,3,0,2,3,3,7,7,0,0,2
745,10,1,8,3,0,0,2,6,1,10,3,0,0,2,8,6,1,0,1
746,9,2,13,0,0,0,2,3,3,7,3,0,0,2,9,0,1,0,1
747,5,2,5,0,0,0,2,9,0,9,2,0,0,2,0,8,0,1,0
748,4,1,3,0,0,0,2,8,1,2,0,8,0,3,7,8,0,0,0
749,13,0,3,1,6,1,3,7,1,12,2,0,0,2,9,7,0,0,1
750,8,2,2,1,12,1,3,1,0,11,2,9,3,3,0,0,0,0,2
751,4,3,11,3,2,3,3,10,3,11,1,9,1,3,6,9,0,0,0
752,3,2,4,2,0,0,2,13,3,11,0,8,3,3,7,8,0,0,0
753,10,0,5,1,10,1,3,6,2,7,3,2,2,3,5,5,0,0,2
754,5,3,1,1,0,0,2,12,3,13,1,10,2,3,6,0,0,0,1
755,1,2,7,0,0,0,2,7,2,12,0,0,0,2,8,7,1,0,1
756,2,0,9,1,11,2,3,11,0,7,3,0,0,2,1,7,0,0,0
757,3,1,8,3,11,1,3,4,2,9,3,2,1,3,1,5,0,0,0
758,8,2,9,2,0,0,2,7,0,5,0,4,1,3,7,6,0,0,1
759,3,2,6,3,0,0,2,6,2,2,3,0,0,2,9,8,1,1,1
760,6,0,13,0,0,0,2,13,3,7,1,0,0,2,6,7,0,0,0
761,3,3,9,0,2,2,3,6,1,10,2,0,0,2,4,6,0,0,0
762,12,1,12,0,3,0,3,11,3,1,0,10,1,3,3,1,0,0,1
763,13,2,13,1,0,0,2,8,1,10,3,0,0,2,0,8,0,1,0
764,12,3,1,1,0,0,2,4,0,5,3,0,0,2,1,9,0,1,0
765,12,0,3,0,6,2,3,9,0,5,0,5,2,3,9,9,0,0,2
766,8,0,1,0,0,0,2,3,1,13,2,0,0,2,9,3,1,0,1
767,10,2,7,2,0,0,2,2,2,2,0,1,2,3,7,5,0,0,1
768,6,1,13,0,0,0,2,10,3,1,1,12,2,3,6,1,0,0,1
769,13,1,8,2,0,0,2,4,1,11,0,0,0,2,8,4,1,0,1
770,3,3,8,3,9,2,3,5,1,11,1,0,0,2,0,5,0,0,0
771,2,3,10,1,9,3,3,10,0,6,3,0,0,2,1,6,0,0,0
772,13,3,11,2,3,2,3,4,0,6,0,1,3,3,3,1,0,0,1
773,12,3,7,1,0,0,2,4,2,9,1,7,3,3,7,0,0,0,1
774,8,2,2,2,1,1,3,6,2,9,0,0,0,2,1,5,0,0,0
775,3,3,3,0,0,0,2,5,3,11,0,7,0,3,6,2,0,0,1
776,11,1,7,1,0,0,2,6,1,5,2,8,0,3,7,9,0,0,0
777,4,1,3,1,0,0,2,3,2,11,3,2,1,3,7,5,0,0,1
778,6,0,9,3,0,0,2,12,2,8,3,0,0,2,5,8,0,1,0
779,7,3,10,2,0,0,2,12,0,4,3,2,0,3,7,6,0,0,1
780,13,0,2,3,0,0,2,10,1,9,2,0,0,2,2,9,0,1,0
781,1,0,1,2,9,1,3,4,0,13,2,0,0,2,1,4,0,0,0
782,10,3,4,2,13,1,3,7,2,13,3,0,0,2,4,7,0,0,0
783,9,3,6,3,11,0,3,10,0,5,3,0,0,2,5,5,0,0,2
784,4,2,4,3,0,0,2,9,1,13,2,0,0,2,8,9,1,1,0
785,8,3,12,0,0,0,2,2,2,13,0,0,0,2,8,2,1,0,1
786,3,1,6,0,0,0,2,12,3,7,0,0,0,2,9,7,1,0,1
787,13,1,5,2,11,1,3,8,1,9,2,0,0,2,5,7,0,0,0
788,7,1,6,1,3,3,3,4,0,2,3,0,0,2,6,6,0,0,2
789,11,3,7,2,0,0,2,4,1,5,0,0,0,2,7,9,0,1,0
790,5,1,6,2,1,0,3,1,2,2,0,1,1,3,2,4,0,0,0
791,12,1,2,1,10,3,3,10,2,13,3,8,2,3,2,8,0,0,0
792,8,1,6,0,2,0,3,8,2,4,0,5,1,3,6,7,0,0,0
793,4,1,2,1,0,0,2,6,2,9,1,3,1,3,6,8,0,0,0
794,11,3,2,2,1,2,3,6,3,4,3,11,2,3,3,0,0,0,1
795,12,2,8,0,0,0,2,12,1,5,0,0,0,2,8,5,1,0,1
796,12,0,7,1,0,0,2,1,1,13,0,10,1,3,7,1,0,0,1
797,10,0,10,3,3,2,3,2,3,10,2,5,3,3,3,7,0,0,0
798,12,3,7,3,0,0,2,9,3,8,3,0,0,2,7,7,0,0,2
799,4,2,7,2,3,0,3,13,3,6,1,0,0,2,4,6,0,0,0
800,13,1,1,3,9,2,3,11,0,7,0,0,0,2,0,7,0,0,0
801,3,1,12,1,6,1,3,3,0,2,3,9,2,3,9,4,0,0,1
802,10,0,5,2,1,0,3,12,2,11,0,5,0,3,6,5,0,0,1
803,8,0,10,1,0,0,2,7,1,11,2,0,0,2,8,7,1,0,1
804,12,0,7,3,0,0,2,1,2,13,2,2,1,3,7,3,0,0,1
805,13,3,7,0,0,0,2,1,1,9,3,9,0,3,7,9,0,0,0
806,7,2,6,0,0,0,2,4,3,4,1,0,0,2,3,8,0,1,0
807,2,2,12,3,8,3,3,3,3,13,0,0,0,2,0,3,0,0,0
808,4,2,1,3,4,0,3,9,1,5,1,8,2,3,9,2,0,0,1
809,10,2,6,3,0,0,2,6,2,5,3,11,1,3,6,1,0,0,1
810,10,2,1,1,12,3,3,12,2,2,2,4,3,3,1,6,0,0,0
811,12,1,6,2,0,0,2,12,0,9,1,0,0,2,6,9,0,1,0
812,7,2,4,0,0,0,2,8,0,10,1,0,0,2,1,8,0,1,0
813,3,1,13,2,3,3,3,5,0,10,3,0,0,2,6,5,0,0,1
814,1,0,5,2,0,0,2,5,3,6,1,13,1,3,6,1,0,0,1
815,2,3,7,0,0,0,2,11,0,1,3,0,0,2,9,1,1,0,1
816,11,2,5,1,3,0,3,11,3,7,3,0,0,2,8,7,0,0,1
817,4,2,8,2,9,2,3,11,1,13,3,3,2,3,1,3,0,0,0
818,6,0,2,1,0,0,2,7,1,8,3,0,0,2,8,5,1,0,1
819,8,0,2,3,11,2,3,4,2,11,3,0,0,2,0,4,0,0,0
820,11,0,5,1,13,0,3,10,0,3,2,9,3,3,5,2,0,0,1
821,13,1,9,1,0,0,2,10,3,8,1,0,0,2,9,8,1,1,1
822,1,0,2,2,3,3,3,1,2,11,1,12,3,3,6,1,0,0,1
823,1,3,13,3,3,0,3,10,2,4,0,8,2,3,4,2,0,0,1
824,6,0,13,2,0,0,2,6,1,2,1,0,0,2,6,8,0,1,0
825,4,3,9,2,0,0,2,2,0,7,1,0,0,2,3,9,0,1,0
826,6,2,5,0,9,0,3,5,3,1,1,0,0,2,0,6,0,0,0
827,8,3,12,2,0,0,2,5,2,12,0,0,0,2,8,5,1,0,1
828,7,0,7,3,11,0,3,12,3,12,0,2,2,3,4,2,0,0,1
829,13,3,11,2,1,3,3,2,0,10,3,8,1,3,1,0,0,0,1
830,13,0,7,1,0,0,2,4,3,9,3,6,2,3,7,9,0,0,0
831,11,1,6,0,0,0,2,3,3,8,3,3,2,3,6,4,0,0,1
832,4,2,5,3,0,0,2,13,2,9,0,0,0,2,9,9,1,1,2
833,6,3,10,1,0,0,2,3,1,5,2,0,0,2,6,8,0,1,0
834,4,0,4,1,0,0,2,1,2,10,2,0,0,2,8,1,1,0,1
835,12,2,1,1,12,1,3,5,0,2,1,0,0,2,1,7,0,0,0
836,7,2,8,0,9,2,3,6,1,5,1,2,3,3,4,3,0,0,1
837,11,3,1,0,11,1,3,7,2,10,2,0,0,2,1,7,0,0,0
838,13,0,8,1,0,0,2,3,0,6,3,0,0,2,8,9,1,1,0
839,6,0,5,0,6,2,3,12,1,6,1,5,2,3,7,1,0,0,1
840,9,1,1,3,9,3,3,3,1,2,1,0,0,2,9,5,0,0,1
841,8,2,2,2,4,2,3,13,1,13,3,12,0,3,4,0,0,0,1
842,4,1,5,1,0,0,2,8,3,7,1,0,0,2,9,5,1,0,1
843,12,2,2,0,3,3,3,8,0,9,2,0,0,2,5,7,0,0,0
844,13,2,10,3,0,0,2,7,0,1,1,0,0,2,0,8,0,1,0
845,2,3,5,3,0,0,2,10,1,10,0,3,2,3,7,3,0,0,1
846,2,1,9,3,2,3,3,6,2,13,0,0,0,2,3,6,0,0,0
847,3,2,8,1,7,0,3,6,1,4,2,1,2,3,8,1,0,0,1
848,8,0,13,3,0,0,2,5,3,7,1,0,0,2,8,2,1,0,1
849,1,1,9,0,12,0,3,3,1,1,0,0,0,2,0,4,0,0,0
850,13,2,11,1,8,3,3,7,3,11,0,0,0,2,8,7,0,0,1
851,6,3,6,0,12,3,3,9,1,3,0,8,2,3,2,0,0,0,1
852,13,1,4,0,0,0,2,5,2,4,3,0,0,2,4,9,0,1,0
853,5,1,2,0,0,0,2,2,2,1,3,10,3,3,7,3,0,0,1
854,11,3,5,0,3,3,3,10,2,10,1,12,1,3,8,0,0,0,1
855,12,3,1,0,13,1,3,13,2,5,3,0,0,2,1,5,0,0,0
856,11,2,3,1,0,0,2,9,2,10,1,0,0,2,3,9,0,1,0
857,9,3,7,0,0,0,2,12,0,7,3,0,0,2,6,7,0,0,0
858,2,0,9,1,12,2,3,3,0,8,0,2,3,3,1,3,0,0,0
859,11,3,9,0,0,0,2,10,0,11,1,0,0,2,9,0,1,0,1
860,6,3,4,2,6,0,3,12,1,3,2,4,0,3,6,7,0,0,0
861,10,3,8,2,0,0,2,1,3,4,1,0,0,2,8,5,1,0,1
862,2,1,8,1,1,1,3,7,1,13,3,0,0,2,1,7,0,0,0
863,10,2,2,2,11,0,3,8,3,6,2,0,0,2,2,4,0,0,0
864,13,2,9,2,0,0,2,12,3,10,1,0,0,2,9,0,1,0,1
865,5,2,5,3,0,0,2,13,3,9,3,0,0,2,0,9,0,1,0
866,7,0,7,3,3,2,3,2,1,10,2,4,2,3,7,6,0,0,1
867,8,0,6,3,4,0,3,6,0,4,3,1,3,3,8,1,0,0,1
868,2,2,4,1,0,0,2,1,0,2,0,5,1,3,6,8,0,0,0
869,5,0,8,1,1,1,3,3,1,7,2,13,0,3,4,0,0,0,1
870,2,3,13,1,0,0,2,11,1,9,1,0,0,2,2,9,0,1,0
871,6,2,11,0,0,0,2,8,3,3,0,9,0,3,6,0,0,0,1
872,1,2,3,3,12,1,3,6,1,11,3,0,0,2,4,6,0,0,0
873,11,0,8,1,0,0,2,12,1,11,2,0,0,2,8,0,1,0,1
874,5,3,3,1,0,0,2,13,0,10,1,0,0,2,8,0,1,0,1
875,6,3,4,3,9,0,3,2,3,3,0,0,0,2,9,5,0,0,1
876,11,3,9,3,0,0,2,13,2,12,3,0,0,2,9,0,1,0,1
877,10,2,3,2,13,1,3,8,3,8,0,0,0,2,3,6,0,0,0
878,1,0,7,1,0,0,2,4,1,13,3,0,0,2,8,4,1,0,1
879,5,1,9,2,7,3,3,12,0,4,2,2,1,3,1,6,0,0,0
880,7,2,10,0,0,0,2,5,0,1,1,0,0,2,7,6,0,0,1
881,11,1,1,3,12,2,3,3,3,1,2,0,0,2,1,4,0,0,0
882,9,1,6,0,5,2,3,6,2,8,2,10,3,3,0,4,0,0,0
883,3,1,5,1,0,0,2,2,1,3,2,0,0,2,8,5,1,0,1
884,2,3,3,0,0,0,2,8,0,1,2,0,0,2,5,9,0,1,0
885,7,0,2,2,0,0,2,6,3,8,3,0,0,2,9,4,1,0,1
886,11,3,7,1,0,0,2,9,1,9,2,0,0,2,7,8,0,1,0
887,1,0,5,2,0,0,2,9,0,3,3,7,2,3,6,9,0,0,0
888,2,0,5,0,0,0,2,9,3,4,3,4,0,3,7,7,0,0,2
889,13,0,12,2,8,2,3,13,1,11,2,13,3,3,8,0,0,0,1
890,11,1,6,2,0,0,2,10,1,4,1,6,0,3,6,0,0,0,1
891,5,3,11,0,10,3,3,1,3,10,0,8,1,3,5,9,0,0,0
892,1,2,6,3,0,0,2,6,0,13,0,0,0,2,7,6,0,0,1
893,1,0,2,0,8,0,3,3,2,12,1,0,0,2,1,3,0,0,0
894,10,1,13,3,7,0,3,7,2,3,1,6,2,3,7,6,0,0,1
895,11,1,7,3,0,0,2,6,1,1,1,0,0,2,7,7,0,0,2
896,8,3,5,2,12,0,3,5,3,10,0,0,0,2,3,5,0,0,0
897,13,1,5,0,8,1,3,2,3,9,3,12,3,3,3,1,0,0,1
898,3,0,9,0,11,2,3,2,2,10,2,4,3,3,2,6,0,0,0
899,8,2,3,3,4,2,3,11,3,2,1,7,1,3,5,9,0,0,0
900,12,2,4,0,11,0,3,1,3,5,1,0,0,2,4,6,0,0,0
901,13,3,10,1,0,0,2,6,0,3,0,0,0,2,0,9,0,1,0
902,11,0,5,3,0,0,2,4,2,5,0,0,0,2,5,9,0,1,0
903,3,3,5,2,0,0,2,2,2,3,1,0,0,2,8,5,1,0,1
904,7,0,4,1,7,2,3,13,0,12,0,1,1,3,8,1,0,0,1
905,12,3,7,3,0,0,2,10,3,11,3,8,1,3,7,8,0,0,0
906,10,2,1,0,8,3,3,4,3,11,2,0,0,2,9,4,0,0,1
907,2,0,13,1,3,2,3,6,1,4,0,6,2,3,5,6,0,0,0
908,7,1,9,1,0,0,2,9,2,12,2,0,0,2,6,9,0,1,0
909,2,1,8,2,11,1,3,6,3,1,3,0,0,2,0,7,0,0,0
910,2,1,6,2,0,0,2,5,3,7,1,0,0,2,8,2,1,0,1
911,1,1,11,2,3,3,3,9,1,8,3,0,0,2,4,7,0,0,0
912,9,0,11,0,0,0,2,13,3,10,2,0,0,2,9,0,1,0,1
913,8,2,2,2,6,3,3,1,3,5,2,10,1,3,6,6,0,0,2
914,12,2,13,0,13,1,3,11,1,10,0,9,2,3,0,9,0,0,0
915,6,1,4,0,12,1,3,12,3,7,0,0,0,2,0,7,0,0,0
916,2,3,13,2,0,0,2,3,1,5,0,0,0,2,2,8,0,1,0
917,4,3,1,0,0,0,2,7,3,2,0,0,0,2,5,9,0,1,0
918,8,1,3,0,0,0,2,8,0,12,0,0,0,2,1,8,0,1,0
919,3,2,5,1,0,0,2,4,1,11,3,0,0,2,8,4,1,0,1
920,10,0,5,1,0,0,2,4,0,5,3,0,0,2,5,9,0,1,0
921,2,1,1,1,8,0,3,7,0,11,2,0,0,2,1,7,0,0,0
922,13,3,7,1,0,0,2,2,3,10,1,4,3,3,7,6,0,0,1
923,1,3,9,1,10,3,3,4,2,12,0,0,0,2,0,4,0,0,0
924,8,3,8,2,0,0,2,12,3,9,2,0,0,2,6,9,0,1,0
925,6,0,5,2,0,0,2,6,1,2,2,0,0,2,1,8,0,1,0
926,12,1,9,3,0,0,2,6,3,6,2,0,0,2,9,2,1,0,1
927,3,2,4,1,0,0,2,12,2,11,3,1,2,3,7,1,0,0,1
928,13,1,13,2,0,0,2,5,0,3,3,0,0,2,0,8,0,1,0
929,9,0,3,1,7,3,3,11,0,1,0,11,1,3,9,1,0,0,1
930,4,0,8,3,12,3,3,2,1,10,2,7,3,3,2,9,0,0,0
931,9,0,1,3,0,0,2,12,1,9,2,0,0,2,0,9,0,1,0
932,11,2,7,2,0,0,2,7,1,8,0,4,1,3,7,9,0,0,0
933,11,0,1,0,0,0,2,11,1,9,1,0,0,2,1,9,0,1,0
934,5,2,10,0,10,1,3,3,0,13,0,2,0,3,5,5,0,0,2
935,13,1,3,3,1,2,3,11,3,6,2,0,0,2,4,6,0,0,0
936,13,2,7,0,0,0,2,3,1,6,1,0,0,2,7,9,0,1,0
937,13,3,3,2,5,1,3,8,1,6,3,12,0,3,8,4,0,0,1
938,2,2,2,3,5,0,3,4,2,10,3,8,2,3,9,2,0,0,1
939,7,0,1,1,0,0,2,3,2,3,1,0,0,2,8,6,1,0,1
940,4,3,6,3,11,2,3,2,2,3,3,0,0,2,0,5,0,0,0
941,1,2,4,1,5,0,3,1,3,13,1,10,1,3,0,1,0,0,0
942,10,2,3,0,8,0,3,13,2,12,1,9,3,3,1,9,0,0,0
943,12,3,10,3,1,0,3,6,0,5,3,5,2,3,1,6,0,0,0
944,9,0,9,1,0,0,2,2,3,13,0,0,0,2,8,2,1,0,1
945,4,0,8,1,2,0,3,11,0,10,0,8,2,3,4,8,0,0,0
946,9,2,7,1,0,0,2,11,3,11,1,12,2,3,6,0,0,0,1
947,12,0,8,3,0,0,2,2,1,6,1,0,0,2,8,8,1,1,2
948,5,3,4,3,0,0,2,4,2,12,0,0,0,2,9,4,1,0,1
949,13,2,9,2,0,0,2,4,1,9,0,0,0,2,9,3,1,0,1
950,6,1,9,1,5,0,3,11,2,10,1,13,0,3,0,0,0,0,2
951,8,1,12,2,0,0,2,10,0,1,2,0,0,2,8,1,1,0,1
952,2,2,11,0,0,0,2,3,1,5,1,0,0,2,2,8,0,1,0
953,10,2,8,0,0,0,2,8,2,7,2,0,0,2,8,5,1,0,1
954,9,3,10,3,0,0,2,6,2,11,3,0,0,2,9,6,1,0,1
955,7,1,4,0,0,0,2,8,3,13,3,0,0,2,1,8,0,1,0
956,3,3,3,0,0,0,2,3,2,7,0,13,1,3,6,0,0,0,1
957,12,1,1,3,6,0,3,6,3,12,3,11,1,3,7,6,0,0,1
958,10,2,1,0,3,3,3,6,3,11,2,0,0,2,4,6,0,0,0
959,2,0,12,0,9,0,3,4,0,9,1,7,2,3,1,0,0,0,1
960,6,0,5,3,0,0,2,10,3,9,3,0,0,2,1,9,0,1,0
961,7,0,3,1,0,0,2,8,2,11,1,0,0,2,0,8,0,1,0
962,10,1,8,1,0,0,2,11,0,7,1,0,0,2,8,7,1,0,1
963,13,0,8,3,0,0,2,1,2,2,1,0,0,2,8,3,1,0,1
964,3,2,10,0,5,0,3,12,2,3,0,2,2,3,8,5,0,0,1
965,9,2,8,0,0,0,2,12,3,1,1,6,1,3,7,7,0,0,2
966,13,3,12,1,2,3,3,7,3,13,1,0,0,2,2,7,0,0,0
967,6,3,11,3,0,0,2,8,0,9,2,0,0,2,6,7,0,0,0
968,2,1,3,2,0,0,2,10,1,8,2,0,0,2,5,8,0,1,0
969,12,3,1,1,6,1,3,3,1,11,0,12,2,3,7,3,0,0,1
970,9,1,1,3,11,2,3,5,0,13,3,0,0,2,0,5,0,0,0
971,9,3,4,1,11,1,3,7,0,4,2,10,2,3,3,1,0,0,1
972,5,3,7,1,0,0,2,10,0,8,1,0,0,2,2,8,0,1,0
973,13,1,2,0,3,0,3,12,0,1,2,7,2,3,5,8,0,0,0
974,10,3,9,0,0,0,2,8,3,4,0,0,0,2,9,2,1,0,1
975,5,2,13,2,2,2,3,5,1,6,2,12,1,3,7,1,0,0,1
976,2,1,6,2,0,0,2,3,1,7,0,0,0,2,8,0,1,0,1
977,12,1,1,3,10,1,3,1,1,11,2,12,0,3,1,1,0,0,2
978,1,0,2,3,11,3,3,1,2,9,2,10,3,3,3,0,0,0,1
979,13,1,9,0,0,0,2,6,3,7,1,0,0,2,9,3,1,0,1
980,4,0,7,3,6,0,3,7,2,12,2,0,0,2,7,7,0,0,2
981,12,3,6,1,0,0,2,3,0,3,2,0,0,2,6,6,0,0,2
982,5,1,3,3,0,0,2,9,1,9,3,0,0,2,8,8,1,1,2
983,2,2,8,0,0,0,2,5,0,4,3,0,0,2,0,9,0,1,0
984,13,2,8,1,0,0,2,13,3,13,0,0,0,2,8,0,1,0,1
985,8,2,10,0,0,0,2,5,3,5,2,0,0,2,8,0,1,0,1
986,1,1,10,3,12,1,3,5,3,11,0,0,0,2,1,5,0,0,0
987,11,2,7,2,0,0,2,3,2,3,3,0,0,2,7,6,0,0,1
988,12,0,5,0,10,0,3,9,2,4,2,7,1,3,5,0,0,0,1
989,1,3,3,1,4,0,3,13,1,1,2,7,3,3,8,8,0,0,2
990,8,1,7,0,12,2,3,2,0,9,0,11,1,3,5,1,0,0,1
991,6,0,12,3,0,0,2,1,0,11,3,6,3,3,6,7,0,0,0
992,13,2,5,1,10,1,3,13,0,2,3,3,0,3,5,5,0,0,2
993,8,2,10,2,0,0,2,4,1,8,0,0,0,2,8,2,1,0,1
994,13,3,6,2,0,0,2,5,2,4,3,0,0,2,6,9,0,1,0
995,12,2,12,0,4,1,3,11,0,5,3,12,3,3,4,5,0,0,0
996,8,2,6,0,6,2,3,3,2,11,1,1,3,3,0,4,0,0,0
997,3,1,13,3,7,0,3,13,1,5,0,8,3,3,0,3,0,0,0
998,3,3,4,0,0,0,2,1,0,7,3,0,0,2,7,8,0,1,0
999,12,1,9,3,0,0,2,9,0,1,1,0,0,2,9,0,1,0,1
1000,8,0,10,2,0,0,2,2,1,13,2,0,0,2,8,2,1,0,1
